"","x"
"1","HAMILTON"
"2","JAY"
"3","JAY"
"4","JAY"
"5","JAY"
"6","HAMILTON"
"7","HAMILTON"
"8","HAMILTON"
"9","HAMILTON"
"10","MADISON"
"11","HAMILTON"
"12","HAMILTON"
"13","HAMILTON"
"14","MADISON"
"15","HAMILTON"
"16","HAMILTON"
"17","HAMILTON"
"18","DISPUTED"
"19","DISPUTED"
"20","DISPUTED"
"21","HAMILTON"
"22","HAMILTON"
"23","HAMILTON"
"24","HAMILTON"
"25","HAMILTON"
"26","HAMILTON"
"27","HAMILTON"
"28","HAMILTON"
"29","HAMILTON"
"30","HAMILTON"
"31","HAMILTON"
"32","HAMILTON"
"33","HAMILTON"
"34","HAMILTON"
"35","HAMILTON"
"36","HAMILTON"
"37","MADISON"
"38","MADISON"
"39","MADISON"
"40","MADISON"
"41","MADISON"
"42","MADISON"
"43","MADISON"
"44","MADISON"
"45","MADISON"
"46","MADISON"
"47","MADISON"
"48","MADISON"
"49","DISPUTED"
"50","DISPUTED"
"51","DISPUTED"
"52","DISPUTED"
"53","DISPUTED"
"54","DISPUTED"
"55","DISPUTED"
"56","DISPUTED"
"57","DISPUTED"
"58","DISPUTED"
"59","HAMILTON"
"60","HAMILTON"
"61","HAMILTON"
"62","DISPUTED"
"63","DISPUTED"
"64","DISPUTED"
"65","HAMILTON"
"66","HAMILTON"
"67","HAMILTON"
"68","HAMILTON"
"69","HAMILTON"
"70","HAMILTON"
"71","HAMILTON"
"72","HAMILTON"
"73","HAMILTON"
"74","HAMILTON"
"75","HAMILTON"
"76","HAMILTON"
"77","HAMILTON"
"78","HAMILTON"
"79","HAMILTON"
"80","HAMILTON"
"81","HAMILTON"
"82","HAMILTON"
"83","HAMILTON"
"84","HAMILTON"
"85","HAMILTON"
